# --- !Ups

INSERT INTO `abh_coordinates`(`restaurantId`, `latitude`, `longitude`) VALUES (1,43.853590 ,18.436311);
INSERT INTO `abh_user_address`(`address_id`, `streetName`, `city`, `country`, `restaurantID`) VALUES (1,"Iza Hrida","Sarajevo","Bosnia and Herzegovina",1);
INSERT INTO `abh_restaurant`(`restaurantId`, `name`, `address_address_id`,`coordinates_restaurantId`, `phone`, `workingHours`, `rating`, `reservationPrice`, `deals`, `image`) VALUES (1,"Park Princeva",1,1,+38733565454,"08:00 - 23:00",5,4,"We have a nice view on Sarajevo!", "https://www.roadrunnerwm.com/wp-content/uploads/2015/10/restaurant-image.jpg");


INSERT INTO `abh_coordinates`(`restaurantId`, `latitude`, `longitude`) VALUES (2,43.858417 ,18.434594);
INSERT INTO `abh_user_address`(`address_id`,`streetName`, `city`, `country`, `restaurantID`) VALUES (2,"Veliki Alifakovac","Sarajevo","Bosnia and Herzegovina",2);
INSERT INTO `abh_restaurant`(`restaurantId`, `name`, `address_address_id`, `coordinates_restaurantId`, `phone`, `workingHours`, `rating`, `reservationPrice`, `deals`, `image`) VALUES (2,"Inat Kuca",2,2,+38733532154,"08:00 - 23:00",3,3,"Free tea each Saturday!", "https://upload.wikimedia.org/wikipedia/commons/1/1e/Tom's_Restaurant,_NYC.jpg");



INSERT INTO `abh_coordinates`(`restaurantId`, `latitude`, `longitude`) VALUES (3,43.858553 ,18.427342);
INSERT INTO `abh_user_address`(`address_id`,`streetName`, `city`, `country`, `restaurantID`) VALUES (3,"Vladislava Skarica","Sarajevo","Bosnia and Herzegovina",3);
INSERT INTO `abh_restaurant`(`restaurantId`, `name`,`address_address_id`,`coordinates_restaurantId`, `phone`, `workingHours`, `rating`, `reservationPrice`, `deals`, `image`) VALUES (3,"Maroko",3,3,+38733561214,"08:00 - 23:00",4,5,"No deals currently", "http://www.nandos.com/sites/all/themes/nandos/images/restaurants/restaurant-carousel-1.jpg");


INSERT INTO `abh_coordinates`(`restaurantId`, `latitude`, `longitude`) VALUES (4,43.859335 ,18.428289);
INSERT INTO `abh_user_address`(`address_id`,`streetName`, `city`, `country`, `restaurantID`) VALUES (4,"Saraci 14","Sarajevo","Bosnia and Herzegovina",4);
INSERT INTO `abh_restaurant`(`restaurantId`, `name`,  `address_address_id`,`coordinates_restaurantId`, `phone`, `workingHours`, `rating`, `reservationPrice`, `deals`, `image`) VALUES (4,"Aeroplan",4,4,+38733987654,"08:00 - 23:00",2,2,"No deals currently", "https://www.roadrunnerwm.com/wp-content/uploads/2015/10/restaurant-image.jpg");


INSERT INTO `abh_coordinates`(`restaurantId`, `latitude`, `longitude`) VALUES (5,43.859777 ,18.430506);
INSERT INTO `abh_user_address`(`address_id`,`streetName`, `city`, `country`, `restaurantID`) VALUES (5,"Prote Bakovica 11","Sarajevo","Bosnia and Herzegovina",5);
INSERT INTO `abh_restaurant`(`restaurantId`, `name`, `address_address_id`, `coordinates_restaurantId`, `phone`, `workingHours`, `rating`, `reservationPrice`, `deals`, `image`) VALUES (5,"Pod Lipom",5,5,+38733225883,"08:00 - 23:00",0,0,"No deals currently", "https://upload.wikimedia.org/wikipedia/commons/1/1e/Tom's_Restaurant,_NYC.jpg");


INSERT INTO `abh_coordinates`(`restaurantId`, `latitude`, `longitude`) VALUES (6,43.854008 ,18.388211);
INSERT INTO `abh_user_address`( `address_id`,`streetName`, `city`, `country`, `restaurantID`) VALUES (6,"Kolodvorska 11A","Sarajevo","Bosnia and Herzegovina",6);
INSERT INTO `abh_restaurant`(`restaurantId`, `name`,  `address_address_id`,`coordinates_restaurantId`, `phone`, `workingHours`, `rating`, `reservationPrice`, `deals`, `image`) VALUES (6,"Druga Kuca",6,6,+38733666457,"08:00 - 23:00",4,0,"No deals currently", "http://www.nandos.com/sites/all/themes/nandos/images/restaurants/restaurant-carousel-1.jpg");


INSERT INTO `abh_coordinates`(`restaurantId`, `latitude`, `longitude`) VALUES (7,43.858377 ,18.404911);
INSERT INTO `abh_user_address`(`address_id`,`streetName`, `city`, `country`, `restaurantID`) VALUES (7,"Kranjceviceva 16","Sarajevo","Bosnia and Herzegovina",7);
INSERT INTO `abh_restaurant`(`restaurantId`, `name`, `address_address_id`,`coordinates_restaurantId`, `phone`, `workingHours`, `rating`, `reservationPrice`, `deals`, `image`) VALUES (7,"Trattoria Due",7,7,+38733562223,"08:00 - 23:00",0,0,"No deals currently", "https://www.roadrunnerwm.com/wp-content/uploads/2015/10/restaurant-image.jpg");


INSERT INTO `abh_coordinates`(`restaurantId`, `latitude`, `longitude`) VALUES (8,43.856153 ,18.408013);
INSERT INTO `abh_user_address`( `address_id`,`streetName`, `city`, `country`, `restaurantID`) VALUES (8,"Marijin Dvor","Sarajevo","Bosnia and Herzegovina",8);
INSERT INTO `abh_restaurant`(`restaurantId`, `name`, `address_address_id`, `coordinates_restaurantId`, `phone`, `workingHours`, `rating`, `reservationPrice`, `deals`, `image`) VALUES (8,"Restoran Marijin Dvor",8,8,+38733652147,"08:00 - 23:00",0,0,"No deals currently", "https://upload.wikimedia.org/wikipedia/commons/1/1e/Tom's_Restaurant,_NYC.jpg");


INSERT INTO `abh_coordinates`(`restaurantId`, `latitude`, `longitude`) VALUES (9,43.860891 ,18.417929);
INSERT INTO `abh_user_address`(`address_id`,`streetName`, `city`, `country`, `restaurantID`) VALUES (9,"Tina Ujevica","Sarajevo","Bosnia and Herzegovina",9);
INSERT INTO `abh_restaurant`(`restaurantId`, `name`, `address_address_id`, `coordinates_restaurantId`, `phone`, `workingHours`, `rating`, `reservationPrice`, `deals`, `image`) VALUES (9,"Mala Kuhinja",9,9,+38733774124,"08:00 - 23:00",0,0,"No deals currently", "http://www.nandos.com/sites/all/themes/nandos/images/restaurants/restaurant-carousel-1.jpg");


INSERT INTO `abh_coordinates`(`restaurantId`, `latitude`, `longitude`) VALUES (10,43.859320 ,18.430023);
INSERT INTO `abh_user_address`(`address_id`,`streetName`, `city`, `country`, `restaurantID`) VALUES (10,"Saraci 42","Sarajevo","Bosnia and Herzegovina",10);
INSERT INTO `abh_restaurant`(`restaurantId`, `name`,`address_address_id`, `coordinates_restaurantId`, `phone`, `workingHours`, `rating`, `reservationPrice`, `deals`, `image`) VALUES (10,"Kolobara",10,10,+387333522237,"08:00 - 23:00",0,0,"No deals currently", "https://www.roadrunnerwm.com/wp-content/uploads/2015/10/restaurant-image.jpg");