INSERT INTO `abh_coordinates`(`restaurantId`, `latitude`, `longitude`) VALUES (1,43.853590 ,18.436311);
INSERT INTO `abh_user_address`(`userEmail`, `streetName`, `city`, `country`, `restaurantID`) VALUES ("parkprinceva@restauranttest.com","Iza Hrida","Sarajevo","Bosnia and Herzegovina",1);
INSERT INTO `abh_restaurant`(`restaurantId`, `name`, `address_userEmail`, `coordinates_restaurantId`, `phone`, `workingHours`, `rating`, `reservationPrice`, `deals`) VALUES (1,"Park Princeva","parkprinceva@restauranttest.com",1,+38733565454,"08:00 - 23:00",0,0,"We have a nice view on Sarajevo!");


INSERT INTO `abh_coordinates`(`restaurantId`, `latitude`, `longitude`) VALUES (2,43.858417 ,18.434594);
INSERT INTO `abh_user_address`(`userEmail`, `streetName`, `city`, `country`, `restaurantID`) VALUES ("inatkuca@restauranttest.com","Veliki Alifakovac","Sarajevo","Bosnia and Herzegovina",2);
INSERT INTO `abh_restaurant`(`restaurantId`, `name`, `address_userEmail`, `coordinates_restaurantId`, `phone`, `workingHours`, `rating`, `reservationPrice`, `deals`) VALUES (2,"Inat Kuca","inatkuca@restauranttest.com",2,+38733532154,"08:00 - 23:00",0,0,"Free tea each Saturday!");



INSERT INTO `abh_coordinates`(`restaurantId`, `latitude`, `longitude`) VALUES (3,43.858553 ,18.427342);
INSERT INTO `abh_user_address`(`userEmail`, `streetName`, `city`, `country`, `restaurantID`) VALUES ("maroko@restauranttest.com","Vladislava Skarica","Sarajevo","Bosnia and Herzegovina",3);
INSERT INTO `abh_restaurant`(`restaurantId`, `name`, `address_userEmail`, `coordinates_restaurantId`, `phone`, `workingHours`, `rating`, `reservationPrice`, `deals`) VALUES (3,"Maroko","maroko@restauranttest.com",3,+38733561214,"08:00 - 23:00",0,0,"No deals currently");


INSERT INTO `abh_coordinates`(`restaurantId`, `latitude`, `longitude`) VALUES (4,43.859335 ,18.428289);
INSERT INTO `abh_user_address`(`userEmail`, `streetName`, `city`, `country`, `restaurantID`) VALUES ("aeroplan@restauranttest.com","Saraci 14","Sarajevo","Bosnia and Herzegovina",4);
INSERT INTO `abh_restaurant`(`restaurantId`, `name`, `address_userEmail`, `coordinates_restaurantId`, `phone`, `workingHours`, `rating`, `reservationPrice`, `deals`) VALUES (4,"Aeroplan","aeroplan@restauranttest.com",4,+38733987654,"08:00 - 23:00",0,0,"No deals currently");


INSERT INTO `abh_coordinates`(`restaurantId`, `latitude`, `longitude`) VALUES (5,43.859777 ,18.430506);
INSERT INTO `abh_user_address`(`userEmail`, `streetName`, `city`, `country`, `restaurantID`) VALUES ("podlipom@restauranttest.com","Prote Bakovica 11","Sarajevo","Bosnia and Herzegovina",5);
INSERT INTO `abh_restaurant`(`restaurantId`, `name`, `address_userEmail`, `coordinates_restaurantId`, `phone`, `workingHours`, `rating`, `reservationPrice`, `deals`) VALUES (5,"Pod Lipom","podlipom@restauranttest.com",5,+38733225883,"08:00 - 23:00",0,0,"No deals currently");


INSERT INTO `abh_coordinates`(`restaurantId`, `latitude`, `longitude`) VALUES (6,43.854008 ,18.388211);
INSERT INTO `abh_user_address`(`userEmail`, `streetName`, `city`, `country`, `restaurantID`) VALUES ("drugakuca@restauranttest.com","Kolodvorska 11A","Sarajevo","Bosnia and Herzegovina",6);
INSERT INTO `abh_restaurant`(`restaurantId`, `name`, `address_userEmail`, `coordinates_restaurantId`, `phone`, `workingHours`, `rating`, `reservationPrice`, `deals`) VALUES (6,"Druga Kuca","drugakuca@restauranttest.com",6,+38733666457,"08:00 - 23:00",0,0,"No deals currently");


INSERT INTO `abh_coordinates`(`restaurantId`, `latitude`, `longitude`) VALUES (7,43.858377 ,18.404911);
INSERT INTO `abh_user_address`(`userEmail`, `streetName`, `city`, `country`, `restaurantID`) VALUES ("trattoriadue@restauranttest.com","Kranjceviceva 16","Sarajevo","Bosnia and Herzegovina",7);
INSERT INTO `abh_restaurant`(`restaurantId`, `name`, `address_userEmail`, `coordinates_restaurantId`, `phone`, `workingHours`, `rating`, `reservationPrice`, `deals`) VALUES (7,"Trattoria Due","trattoriadue@restauranttest.com",7,+38733562223,"08:00 - 23:00",0,0,"No deals currently");


INSERT INTO `abh_coordinates`(`restaurantId`, `latitude`, `longitude`) VALUES (8,43.856153 ,18.408013);
INSERT INTO `abh_user_address`(`userEmail`, `streetName`, `city`, `country`, `restaurantID`) VALUES ("restoranmarijindvor@restauranttest.com","Marijin Dvor","Sarajevo","Bosnia and Herzegovina",8);
INSERT INTO `abh_restaurant`(`restaurantId`, `name`, `address_userEmail`, `coordinates_restaurantId`, `phone`, `workingHours`, `rating`, `reservationPrice`, `deals`) VALUES (8,"Restoran Marijin Dvor","restoranmarijindvor@restauranttest.com",8,+38733652147,"08:00 - 23:00",0,0,"No deals currently");


INSERT INTO `abh_coordinates`(`restaurantId`, `latitude`, `longitude`) VALUES (9,43.860891 ,18.417929);
INSERT INTO `abh_user_address`(`userEmail`, `streetName`, `city`, `country`, `restaurantID`) VALUES ("malakuhinja@restauranttest.com","Tina Ujevica","Sarajevo","Bosnia and Herzegovina",9);
INSERT INTO `abh_restaurant`(`restaurantId`, `name`, `address_userEmail`, `coordinates_restaurantId`, `phone`, `workingHours`, `rating`, `reservationPrice`, `deals`) VALUES (9,"Mala Kuhinja","malakuhinja@restauranttest.com",9,+38733774124,"08:00 - 23:00",0,0,"No deals currently");


INSERT INTO `abh_coordinates`(`restaurantId`, `latitude`, `longitude`) VALUES (10,43.859320 ,18.430023);
INSERT INTO `abh_user_address`(`userEmail`, `streetName`, `city`, `country`, `restaurantID`) VALUES ("kolobara@restauranttest.com","Saraci 42","Sarajevo","Bosnia and Herzegovina",10);
INSERT INTO `abh_restaurant`(`restaurantId`, `name`, `address_userEmail`, `coordinates_restaurantId`, `phone`, `workingHours`, `rating`, `reservationPrice`, `deals`) VALUES (10,"Kolobara","kolobara@restauranttest.com",10,+387333522237,"08:00 - 23:00",0,0,"No deals currently");